{"schemaVersion":"1.0","appDefinitionTemplate":{"id":"/providers/Microsoft.PowerApps/apps/","type":"Microsoft.PowerApps/apps","tags":{"primaryDeviceWidth":"640","primaryDeviceHeight":"1136","supportsPortrait":"true","supportsLandscape":"true","primaryFormFactor":"Phone","publisherVersion":"3.22101.14","minimumRequiredApiVersion":"2.2.0","hasComponent":"false","hasUnlockedComponent":"false","isUnifiedRootApp":"false","sienaVersion":"20221008T142735Z-3.22101.14.0"},"properties":{"appVersion":"2022-10-08T14:27:35Z","lifeCycleId":"Published","createdByClientVersion":{"major":3,"minor":22101,"build":14,"revision":0,"majorRevision":0,"minorRevision":0},"minClientVersion":{"major":3,"minor":22101,"build":14,"revision":0,"majorRevision":0,"minorRevision":0},"backgroundColor":"white","backgroundImageUri":"/2452466288821311013/N365ad0e1-dfda-444c-9695-a5ebe2da89f8-logoSmallFile","displayName":"イカデモアプリ","description":"","commitMessage":"","appUris":{"documentUri":{"value":"/2452466288821311013/N8d8fd97e-2eab-43b7-a0fb-e83e97088493-document.msapp"},"imageUris":[],"additionalUris":[]},"createdTime":"0001-01-01T00:00:00Z","lastModifiedTime":"0001-01-01T00:00:00Z","sharedGroupsCount":0,"sharedUsersCount":0,"icons":{"smallIconUri":"/2452466288821311013/N19575299-cbbf-45eb-b947-0fdf6ba55e65-small.png","mediumIconUri":"/2452466288821311013/N791fa2ce-aeb9-4d95-a13c-ae05b30e61fd-medium.png","largeIconUri":"/2452466288821311013/Nca49f3c2-c0f7-4718-8184-37ebbceedfeb-large.png","wideIconUri":"/2452466288821311013/N44850aa1-9ceb-4b58-8d47-9c53ce3520f9-wide.png"},"connectionReferences":{"63003298-a221-4a8d-8707-77df125c93f1":{"id":"1a67086c-b51b-4a75-850c-aa36aac2f1d4","displayName":"Excel","iconUri":"https://connectoricons-prod.azureedge.net/releases/v1.0.1599/1.0.1599.3017/excel/icon.png","dataSources":["テーブル1"],"dependencies":["c0c82aee-bb1f-467c-85c0-af84e28275ee"],"dependents":[],"parameterHints":{"c0c82aee-bb1f-467c-85c0-af84e28275ee":{"value":"fileSource"}},"parameterHintsV2":{"fileSource":{"value":"c0c82aee-bb1f-467c-85c0-af84e28275ee"}},"isOnPremiseConnection":false,"bypassConsent":false,"dataSets":{"b!2ZD9opzPOkWhzqZIQCFx4WyB88c_7exOoyaMumiJ4BfRIaYZstvCRJcaEZUxLaL0.01FGLN35QAC36H3JBO7ZCJLCSS27PMG3XC":{"dataSources":{"テーブル1":{"tableName":"テーブル1"}}}},"apiTier":"Standard","isCustomApiConnection":false,"actions":["providers/PowerPlatform.Governance/Operations/Read","providers/PowerPlatform.Governance/Operations/Write","providers/PowerPlatform.Governance/Operations/Delete"]},"c0c82aee-bb1f-467c-85c0-af84e28275ee":{"id":"23fcd575-6eb7-4cd2-a4ff-77a147ce6ef8","displayName":"OneDrive for Business","iconUri":"https://connectoricons-prod.azureedge.net/releases/v1.0.1546/1.0.1546.2665/onedriveforbusiness/icon.png","dataSources":[],"dependencies":[],"dependents":["63003298-a221-4a8d-8707-77df125c93f1"],"parameterHints":{},"parameterHintsV2":{},"isOnPremiseConnection":false,"bypassConsent":false,"dataSets":{},"apiTier":"Standard","isCustomApiConnection":false}},"databaseReferences":{},"almMode":"Environment","performanceOptimizationEnabled":true,"canConsumeAppPass":true,"enableModernRuntimeMode":false,"executionRestrictions":{"isTeamsOnly":false,"dataLossPreventionEvaluationResult":{"status":"Compliant","lastEvaluationDate":"2022-10-08T12:58:28.5432017Z","violations":[],"violationsByPolicy":[],"violationErrorMessage":"このアプリでは、次のコネクタが使用されます: shared_excel, shared_onedriveforbusiness。"}}},"appType":"ClassicCanvasApp","appComponents":[]}}